{
    "i1": [-1.57075, 1.57075],
    "i2": [-1.57075, 1.57075],
    "i3": [-0.2, 0.2]
}